from,to,value
Haji_Bajuri,KompasTV,1
Aby_zaky_,OposisiCerdas,2
saddw_,sksnprk,1
Rawit234234,susno2g,1
linajobstreett,syphayoaku,1
SmgMenfess2,dianiiiyy,1
JHaduw,bayoep,1
dhimasbagus13,hellodeka,1
bachrum_achmadi,bayoep,1
Riznan_13,txtdaribandung,1
Abah_Reborn,aisyahf69386234,1
bdngfess,i_ervans,1
anaksemute,tvindonesiawkwk,1
Johny_twee,_ekokuntadhi,1
uang_kripto,uang_kripto,1
sipalingkurus,temponewsroom,1
Ferdysambo1,regar_0p0sisi,1
Hanapuyyy,Hanapuyyy,1
berpikirq,budimandjatmiko,1
LKSMDR,agelmeip,1
Sariqoem,geloraco,1
Jonsontonga,KompasTV,2
Lily1Rafi,ZulkifliLubis69,1
M45Broo_,sudadmono,1
berlinrev,ekowboy2,1
Askrlfess,bekokjin,1
papa_loren,salsaaii,1
SulisWidjaya,salsaaii,1
DivHumas_Polri,Soehart84535338,1
LstwnA,salsaaii,1
991Jakarta,991Jakarta,3
bantallkusam,convomf,1
gurlshavingfun,titisandajal_,1
KangPri71570001,msaid_didu,1
Balieska1,Dennysiregar7,1
FreeStranger22,RakyatMadura,1
XxxOkin,tvindonesiawkwk,1
Ariefmantoi,detektive88,1
elonmusk,kzl_abiz,1
Dyra_Xannora,victory99x,1
BosTemlen,IskandarDompu3,1
radixwp,veroaktivis,1
Beng_Setiono,SitompulApul,1
alleshutapea,msaid_didu,1
sala_richard,sala_richard,1
Opposite6980,maskwayofficial,1
Pangondian74,UHarjito,1
Miss_warawiri,Qaulal_Djibril,1
SamosirNatar,alextham878,1
ameliazein,cyberarmy__,1
cobeh2021,zola_papazola,1
AQansa,Cintada16,1
GoyaJikko,soeyoto1,1
Lambehdower,OposisiCerdas,2
Dennysiregar7,hutauruk_alex,1
Lambehdower,democrazymedia,1
Lambehdower,Opposite090192,1
Prasetyo9Hh,tvOneNews,1
biancaubr,danielrlph,1
Ibrahim74219486,jokowi,1
iccank_Asli,msaid_didu,1
wiansaaaa,wiansaaaa,1
AbiJAF,tvOneNews,1
GhibranAkbar1,ruhutsitompul,1
LaseApoyHBB,ORakyat4,1
keuangannews_id,sala_richard,1
Herman03575306,sand_andri,1
DivHumas_Polri,Herman03575306,3
JeromePolin,sherman_aja_,1
vargrieveum,vargrieveum,1
Lucifer48178118,hipohan,1
PenikmatHibura2,UlfahNyimas,1
_ekokuntadhi,shmustofayahoo1,1
berkemas_id,cheesecroffle,1
agimugni,pdfperjuangan,1
Ferdysambo1,jokowi,3
FDerKanzler,Pikiranawam1,1
Dennysiregar7,Ferdysambo1,1
Ferdysambo1,msaid_didu,1
Ferdysambo1,benuaandin,1
Ferdysambo1,lysavana1,1
karmaisbitj,txtdrimedia,1
IlhamKusno2,JawiJowo,1
BradHarizz,Ferdysambo1,1
Ferdysambo1,kr1t1kp3d45_pro,1
Ferdysambo1,Usuludin321,3
Ferdysambo1,detikcom,3
inewsdotid,inewsdotid,12
gokenroll,kibor666,1
1febri,geloraco,1
aresss_x,aresss_x,1
jokowi,rowidsa,1
blueblaster_,menikahii,1
SmgMenfess2,afgan_kw,1
coffebit,mhmahendrasu,1
keuangannews_id,omarmoyo963,1
geloraco,jamalsyah079,1
AREAJULID,gita3098610783,1
detikcom,krtmlm,1
maddeadickk,sendagurah,1
hariankompas,marpaung913,1
ag_prbd339,sosmedkeras,1
TwitterID,sidharta861,1
Bl3ss3dSoul,KompasTV,1
Herman_54E,SyukurAyub,1
UrutJakartan,ekowboy2,1
temponewsroom,temponewsroom,6
A9niniBaengdeta,RidhoBudiman16,1
NakamotoMizukii,NakamotoMizukii,1
YWedok,tvOneNews,1
CNNIndonesia,monitorku,1
ChristopWilliam,tvOneNews,1
chef_life24,chef_life24,1
Bang_Jaggo,judyprangalot,1
BantengnyaPDIP,BantengnyaPDIP,2
AngKarakNarako,kenoyours,1
Askrlfess,Luviety8,1
Anggarfyan,_ekokuntadhi,2
_ekokuntadhi,xidna59,1
AnakLokal_24,ListyoSigitP,1
Alredoaldrian,putridwiretnooo,1
FDerKanzler,KaredokLeunca__,1
GustiAbu,veaadeeana,1
txtdrimedia,xxlyo_,1
jaksapedia,pablo_espora12,1
Emasilvianaa,naradira__,1
txtdrimedia,wrrrrwrrrrr,1
archlvstrwbrrys,whiteswindler69,1
Herman03575306,tentrem_raharjo,1
AnakLokal_24,banikolor,1
TSolihien,nobie1508,1
Matahari_1912,RadarKorupsi,1
1Saidia,1Saidia,1
DivHumas_Polri,JunaidiDjosan,1
Dennysiregar7,IndoBebasKKN,1
Razaqokta,komanga91307028,1
Didi_Bezzo,alvinlie21,1
UrutJakartan,msaid_didu,1
Dennysiregar7,ngomongapaaja78,1
hobimisuhhh,sheilalelonoo,1
sembeth,tirta_cipeng,1
geloraco,wimbara_s,1
ciavilooo,txtdrimedia,1
Askrlfess,namanyadaraa,1
EightDeliler,detektive88,1
Diraja_meta,bachrum_achmadi,1
Aby_zaky_,hafuza_syakir,1
si_rama_rama,zoelfick,1
alvinlie21,sahabatfutsal,1
BosTemlen,GenBeWise,1
alvinlie21,oposisiAJEdeh,1
AREAJULID,iwuvu_a_lot,1
agniasyf,bukancelana_,1
Andri92717949,donyardi13,1
DekzaArlingga,mariostami,1
alvinlie21,donyardi13,1
069CREW,bekokjin,1
Almukaram123,kertas_angin,1
narll12,qaefsi,1
alamanda_maroon,alvinlie21,1
dayday1005,optimusprime_93,1
SumediTanjung,pengangguranRI,1
areni3981,txtdrimedia,1
akf245,kangf4j4r,1
AnakLokal_24,alvinlie21,1
akhmadfauzan20,msaid_didu,1
Ferdina92342351,Miss_warawiri,1
UchihaUdin5,alvinlie21,1
budykacel,democrazymedia,1
DBMBASES,idnjoon,1
Ringkik_Sandel,tikanursantika4,1
malhamahkubro,republikaonline,2
bangkitkitt,ndagels,1
CrispyPiranha,ndiandiw,1
Badboy06864860,Dennysiregar7,1
M898black_Arrow,Miss_warawiri,1
SahabatSaber,dannibhuiyan11,1
marpaung913,yusuf_dumdum,1
binokularid,binokularid,1
Badboy06864860,jokowi,2
Askrlfess,hasiaanhu,1
dannibhuiyan11,yusuf_dumdum,1
Fibronia_MB,jualanmakanan,1
Halusinashit,txtdrberseragam,1
kabildjafar,kr1t1kp3d45_pro,1
CNNIndonesia,alamanda_maroon,1
a_kecil08,starfess,1
Askrlfess,nabibilalala7,1
Ismoyo69,sutanmangarahrp,1
Yudhi30847228,tvOneNews,1
Mujalba,hafuza_syakir,1
ChristhyCB,CrispyPiranha,1
Dolleynw,KompasTV,1
seatodaynews,yoelsiagian,1
DharulFit,SugiKawuloAlit,1
PaberSitorus1,Solid01,1
BudiKasmanto,SugiKawuloAlit,1
ArabBara2,ArabBara2,7
etaqin,jogermeist,1
cekfaktacom,cekfaktacom,1
AraJim95,txtdrimedia,1
LalaWiana,maspiyuaja,1
Kelvind24483597,jaksapedia,1
Hartati44247904,KompasTV,1
Semar17134178,SholikanD,1
babyzxjeje,van_augur27,1
AgamKupie,iIhamzada,1
AnakLokal_24,BeritakanID_com,1
AnakLokal_24,UmarHasibuan77,1
AnakLokal_24,msaid_didu,3
Adhit233,_ekokuntadhi,1
busetcapek,xiaotiing,1
milarosa_99,milarosa_99,1
__SudutPandang,detikcom,1
Puellafahira,SahabatSaber,1
AntonEdan4,RamliRizal,1
Sudimawan1,muftiaditya,1
Ferdysambo1,MCentre69,1
Ferdysambo1,yusuf_dumdum,1
Sudimawan1,detikcom,1
Ferdysambo1,IMCMushroom,1
don31237,msaid_didu,1
IndieJawa,txtdrimedia,1
Dennysiregar7,TaondasiLaia,1
MrsRachelIn,MrsRachelIn,4
Stakof,achokill,1
YovieDjody18,tvOneNews,2
Miss_warawiri,donyardi13,1
Nona51584617,oroh_w,1
tempodotco,torojo3,1
OposisiCerdas,PareParesek,1
WarasWareg,kangbaridin_,1
ninealaine,th3Red01,1
SukijoWong,geloraco,1
Safa_shining,basrol12,1
gusti_prabu2810,hafuza_syakir,1
ahmad02397852,catchmeupid,1
Prasetyo9Hh,edysmerdeka,1
ciboyss,unknown_v89,1
OposisiCerdas,Wahyu86462601,1
addfiq,soen_cak,1
Ivan72576448,graham_asscot,1
ChusnulCh__,gberrboy_id,1
djumelan,tvOneNews,1
MardaniAliSera,igoes_23,1
elkrova,elkrova,1
Sisi59519271,tempodotco,1
Greta_Hutabarat,zoelfick,1
SitompulApul,zarazettirazr,1
_burnce,detikcom,1
Ariefmantoi,VeelaaRhie,1
WiyonoHw,omarmoyo963,1
JKT_TAROT29,detikcom,1
Chikzt,UrutJakartan,1
ZulkifliLubis69,elpoghu,1
Agusta_515,lucky_hafner,1
pashanaim75,tvOneNews,1
XtremeMerch,wrbhakti,1
detikcom,gitskimassie,1
d_edikusuma,detikcom,1
RizalSa19562574,kr1t1kp3d45_pro,1
Dennysiregar7,mentokendil01,1
WahyuFebriant_O,detikcom,1
LaaTAHZ31834379,geloraco,1
CNNIndonesia,Prasetyo9Hh,2
BeritakanID_com,Priagarislurus,1
DamaiHariLubis,dabenone2,1
Cintada16,marpaung913,1
AmanSur34526860,geloraco,1
Greta_Hutabarat,detikcom,1
lelegurame,teguhinvestor,1
korantempo,sanditk55851533,1
marpaung913,tvOneNews,4
AbdullohBaihaqy,keuangannews_id,1
cursedkidd,ruskinurhayadi,1
detikcom,sanditk55851533,1
AAldhiaz,Dennysiregar7,1
AAldhiaz,tempodotco,1
j98fah,moykeyyy,1
AAldhiaz,korantempo,1
AAldhiaz,LordDoel___,1
ArtiHadi,Yulianti0711,1
adefryanky,feldimahendra,1
staners1990,txtdrberseragam,1
lorensiusivand,wordfangs,1
yashadipura,zendryque,1
giginpraginanto,mutajir_mohamat,1
hellodyn,thymesya,1
akhmad_barkah,gembrotzzz,1
Askrlfess,play_tomorrow,1
OposisiCerdas,suhardi1110,1
nurfiadi1,nurfiadi1,1
imelani12z,jaksapedia,1
IiiZahrah,z4r4n,1
CNNIndonesia,keteklembab,1
RPanggaleh,ZainalAbdiAlam4,1
detikcom,kkuu_mma,1
4loeydive,kngnkmuu,1
BeritakanID_com,DediSat67265199,1
Badboy06864860,MARQUEZ__93,1
detikcom,suryanililik1,1
ChusnulCh__,kluxkluk,1
PHapsari36,PartaiSocmed,1
detikcom,penggabutansaja,1
catchmeupid,false10s,1
5757_day,_ekokuntadhi,1
PDI_Perjuangan,PDI_Perjuangan,3
moelyonho,tvOneNews,1
Frimawan,Venus41706626,1
Badboy06864860,okezonenews,1
ArabBara2,dabenone2,1
jawapos,marpaung913,1
rissech1,temponewsroom,1
DagelaneD,kangbaridin_,1
Mhd_aliradja77,tempodotco,1
MawarSolitaire,RizalSa19562574,1
marpaung913,merdekadotcom,1
Pandi82608468,geloraco,1
Paltiwest,marpaung913,1
dharyadi00,kumparan,1
Yogiherloly11,patramzen,1
SiMeongPuss,TJHoois,1
rytsarkiy_pika,tvOneNews,1
disfodan,sbyfess,1
Muria_nisa,jaksapedia,1
RZ_Otoriter,RZ_Otoriter,3
jaksapedia,likinjay,1
Abahozan1,susantisyafa,1
Lambehdower,temponewsroom,1
Tubagus_Khidir,detikcom,1
Prasetyo9Hh,h_susantoe,1
AnandoLikum,geloraco,1
BinHamzah8,bachrum_achmadi,1
petanirebahan,petanirebahan,2
Yulia_NS79,tukangaduayam,1
IrwanNkri,tvOneNews,1
adamantfriend,txtdrberseragam,2
LalaWiana,OposisiCerdas,1
don1_donald,txtdrberseragam,1
txtdigitalnomad,txtdigitalnomad,1
marpaung913,tempodotco,4
LolooleAndre,detikcom,1
Miduk17,nustya88,1
agattawin,nattadamile,1
dennybiantoro,ratids,1
NarasiNewsroom,teguhsupriyatno,1
RizalSa19562574,mr_banan12,1
Miduk17,tuah_kurni,1
SesuatuJogja,tvOneNews,1
LalaWiana,tempodotco,1
nayaraAtma,tempodotco,1
kumparanplus,kumparanplus,3
RiyadiRizk,RiyadiRizk,1
Syarman59,Syarman59,1
SmgMenfess2,vaclavalva,1
VIVAcoid,a_doni95,1
Dennysiregar7,SaPulau,1
D14BL0_i7,suhardi1110,1
CNNIndonesia,hanifaaaahhhh,1
IRistopo,Pai_C1AB,1
a_doni95,detikcom,1
AgathaNadira,UrutJakartan,1
dabenone2,democrazymedia,1
UrutJakartan,UrutJakartan,1
idextratime,yaaelahryy,1
kacangmethe,urcoldocean,1
Miduk17,snmblex,1
aishakinaaa,i_ervans,1
Prasetyo9Hh,geloraco,4
republikaonline,sugairum,1
dhimasnf,rikodwi_hard,1
Moshewd1,txtdrberseragam,1
Gandawan,geloraco,1
gs_juge,tommy_shellby_,1
PutraJayaHusin,karay_yasin,1
Odyssiawin,winflowx,1
kemalpalevi,richa_achmad89,1
DewiEmeline2,inong911,2
FatihGaleh,cyblit,1
AAldhiaz,democrazymedia,1
AndyHuskyyy,dntkntngg,1
_ekokuntadhi,rohadi_fauzi,1
Dennysiregar7,Joe_Richardo93,1
Paijo33295845,tvOneNews,1
alikaptrs,rismayeuu,1
devonscreenagee,theIawless,1
FatihGaleh,korantempo,1
FatihGaleh,rahmasarita,1
HerrySuryya,ListyoSigitP,1
Camelaila1,Ferdysambo1,1
IphanqSukri,_ekokuntadhi,1
gatauapadehh,zetsuboujin,1
DwiNindra_,kemalpalevi,1
andikira_,nightonvenus,1
HarrisRegar,kr1t1kp3d45_pro,1
Ngelmuco,Ngelmuco,3
aviation603,tvOneNews,1
Midjan_La_2,benzgabriel,1
hanantheengine,icaaciicu,1
miekaritelor,tanyakanrl,1
ConanDimdimpil,wsn04,1
kentomiyauraaa,txtdrberseragam,1
KPK_RI,muhamma32203580,1
cbroflle,mlekidut,1
ain0088,detikcom,1
Martinellistis,farizabg_,1
Anna82662230,_____kingAJ,1
Syarman59,sondanuuu,1
Ayam_tehsysy24j,Dennysiregar7,1
Gengmotor15,bobastretch,1
KagoyaSilas,KagoyaSilas,4
AmaksiGulf,kdrama_menfess,1
Ardysu3,Miduk17,1
SmarniSri,jek_uncle,1
keuangannews_id,xifenghoetang,1
AlMaidah_54,republikaonline,1
alvinlie21,ych_man,1
MNW_MNW_MNW,karyawantree,1
ChoerAnam,Haloo_Jeff,1
nadyaalifa,nadyaalifa,1
Neng_Anyar,cobeh2021,1
korantempo,soegenk_prie,1
Inanewsindo,Inanewsindo,1
ghulam_akfani,jaksapedia,1
_valino15,tvOneNews,1
_kamalhuening,cbroflle,1
adityarie,admprnma_,1
bihunlagi,howlainneiiy,1
demenwaria,uniemara,1
OposisiCerdas,djumelan,2
squilliams,vickyfarhan95,1
Dennysiregar7,pantau_a1,1
FerdySambo_,bobbybrownWIN,1
OposisiCerdas,playen321,1
BRAMNOYA67,Jinjit_jinjit,1
Firman_Syah_Kun,z4r4n,1
DokterTifa,tgiwongyahooco2,1
Nurfatm47285223,java_damai,1
_melody_mellow,_melody_mellow,3
Denjoko55595750,_ekokuntadhi,1
1febri,democrazymedia,1
PasbonThom,detikcom,1
kemalpalevi,paktuamerah920,1
Ruslam242,Syarman59,2
kimjungkr,kimjungkr,1
ZamanTiga,ZamanTiga,1
AndyHuskyyy,maslerry,1
PilgrimNRoll,kumparanplus,1
nesverland,squidwrd__,1
ddiittanyaaja,squidwrd__,1
junitaaaaaw,squidwrd__,1
diviowin,shakuntalalj,1
ASamroji,akunkelima212,1
ASamroji,z4r4n,1
BgawanKusuma,Miduk17,1
Greywin79106596,VICE_ID,1
CNNIndonesia,xifenghoetang,1
Agus13847976,Dennysiregar7,1
king_nanijat,king_nanijat,1
agelmeip,nikennnnap,1
Dennysiregar7,Lumbalu09249749,1
tempodotco,uwaisokey,1
detikcom,syarifah_zaze,1
CalonBarista,shantie_chua,1
ibnux,ibnux,1
BosTemlen,Ferdysambo1,1
Muhadjir_M,pn7l7h,1
NarasiNewsroom,sugeng1968,1
KompasTV,Sanjaya01158098,1
keuangannews_id,yani_akhmad,1
Jasjus_Alpukat,kemalpalevi,1
OposisiCerdas,bejonovski,1
JamalBoegis,RadarKorupsi,1
Miduk17,papa_mindo,1
IRistopo,ST_Burhanuddin,1
CNNIndonesia,kopinihuta,1
tvOneNews,wisnu_syawal69,1
Ind4ng,cybsquad_,1
mureza522,regar_0p0sisi,1
Ind4ng,PartaiSocmed,1
Ind4ng,tijabar,1
Ind4ng,Mdy_Asmara1701,1
TbDjahri,alisyarief,1
FathurrahmanHu2,hipohan,1
deerpetit,yavanniest,1
dwikyrestu,txtdarikorporat,1
_ekokuntadhi,handia_asyik,1
Agusta_515,RANGERmounts,1
Agusta_515,tvOneNews,1
MorissaSchwartz,Venus41706626,1
donyardi13,regar_0p0sisi,1
Dennysiregar7,donyardi13,1
Ruslam242,SeputroEko,1
Ferdysambo1,Ferdysambo1,1
Ferdysambo1,geloraco,2
CNNIndonesia,Ferdysambo1,1
SehunKw7,sskinnypandaxx,1
Milli621807311,Wandystjk,1
msaid_didu,yo2k_k,1
KiBajolIjo,KiBajolIjo,1
Anitakrnia,CNNIndonesia,1
RPanggaleh,kaufmangaruda21,1
FR33D0ML4ND,suhardi1110,1
AREAJULID,kutojayaselatan,1
Bhilenk,Bhilenk,1
lalucahyaa,sbyfess,1
bejoaja93664427,bejoaja93664427,2
WagimanDeep212_,auliara__,1
korantempo,mulatt3,1
Ruslam242,prettymomratih,1
DPR_RI,aryableng,1
UmarHasibuan77,dovalent,1
keuangannews_id,sumantriom,1
OposisiCerdas,Prasetyo9Hh,1
sumantriom,tempodotco,1
Ahmad_hendars,WagimanDeep212_,1
kan9_batag0r,kumparan,1
republikaonline,sumantriom,1
Barulagii11,alisyarief,1
Paijo33295845,geloraco,1
Mudjibur_Rohman,an_rinjani,1
DanielS19494891,GEDE73193440,1
geloraco,karyawantree,2
Johny_twee,noardtambunan,1
CNNIndonesia,YusufNugrohho,1
IiiZahrah,ZulkifliLubis69,1
banjarbase,jxvxxz,1
Mzeiz2,Setengahgelas_2,1
ESW_Idrus,al_ilo,1
ElangSambar,geloraco,1
ElangSambar,SantorinisSun,1
al_ilo,msaid_didu,1
jerryydanish,wowbstrd,1
Tan_Mar3M,al_ilo,1
detikcom,p023456,1
IrwanNkri,OposisiCerdas,1
CNNIndonesia,Teguh_toen,1
DeLalong,_ekokuntadhi,1
kdrama_menfess,semangskuyy,1
detikcom,masudinadi,1
txtfrombrand,yusuffcup,1
AGN3ZONE,red79velvet,1
Balieska1,Balieska1,1
Rawit234234,geloraco,2
DjayaKarimun,alisyarief,1
Rawit234234,alextham878,1
DjayaKarimun,ListyoSigitP,1
Ruslam242,cagubnyinyir2,1
alwaysaugust18,catchmeupid,1
OposisiCerdas,bejoaja93664427,1
Oppasambokiyowo,Rah20772880Peni,1
aripakdheee,ezha_young,1
Cozillar_Spun,Tan_Mar3M,1
MarthaAprilia20,MontBlanc3l3l,1
jokopitik100,tvOneNews,1
AimanWitjaksono,AimanWitjaksono,2
6undul0h,elpoghu,1
MontBlanc3l3l,SitiPatimahAja,1
TawakalBack,detikcom,1
DrEvaChaniago,IiiZahrah,1
KompasTV,saraturnip1,1
MontBlanc3l3l,suhardi1110,1
IxNdheso,IxNdheso,1
Leoanindito1,txtdrberseragam,1
HambaAllah_411,HambaAllah_411,1
IiiZahrah,democrazymedia,1
ilhamrandy10,keuangannews_id,1
HukumDan,SugiKawuloAlit,1
Sanjaya01158098,mediaindonesia,1
Rossali24295306,Rossali24295306,3
Rossali24295306,SitiPatimahAja,1
MarthaAprilia20,Rossali24295306,1
AnitaRosliana1,Rossali24295306,1
hendra_sapera,ilyiebedich,1
AQL20202,Rossali24295306,1
ASamroji,Mukidioon2,1
kr1t1kp3d45_pro,rinihadiwardoyo,1
NarasiNewsroom,NarasiNewsroom,1
DivHumas_Polri,MargaSinaga,1
Ariefmantoi,OposisiCerdas,1
Siinchannn,raldygh_,1
Yulia_NS79,arief_kreen,1
Faqih7777745,kemalpalevi,1
ASamroji,kr1t1kp3d45_pro,1
TIIndonesia,TIIndonesia,2
JenderalTaik,__anomali__,1
ence_dwi,rffqi,1
Febree17_,konoha2022,1
LuNaEndelia,imam_ghifaryy,1
Jhn_____s,hariady__,1
OposisiCerdas,gito_729,1
Balieska1,MaliyaYana1,1
Jhn_____s,al_ilo,1
Herman03575306,achinagra,1
pramudo,pramudo,1
Askrlfess,PutriSalju_03,1
HariantoHari15,Stevaniehuangg,1
ASyahrochman,KompasTV,1
ASyahrochman,CNNIndonesia,1
4Y4NKZ,fendyarmo,1
CNNIndonesia,Maladi1Danis,1
samodner,samodner,1
detikcom,rickyrick1985,1
_amareguzel,_amareguzel,1
kumparan,kumparan,1
sukeeeyooo,ucupstyles,1
pius_sinaga,wong_ndeso579,1
bosniangiovanni,qalsrama,1
infinitys88,wanti_lee,1
jpnncom,jpnncom,1
Galois_Gen,MNW_MNW_MNW,1
tvOneNews,yulilie605,1
Neng_Anyar,Neng_Anyar,2
txtdrberseragam,xloveyouul,1
BedidinQ,Ernaku6,1
detikcom,luthfy_wp,1
HarisRuslyMoti,HarisRuslyMoti,1
blackwafferroll,catchmeupid,1
1febri,RamliRizal,1
BatuKepla,knpiharis,2
Semut_Ibrahim_,Stevaniehuangg,1
kumparan,udatauhid,1
hrdbacot,jackjackparrr,1
AndreyZhirley,cursedkidd,1
Binsaragih1,detikcom,1
Blubukb89,zoelfick,1
Yenithung1,tvOneNews,1
Rm_lndr4one4587,Wandystjk,1
alfamart,barackodin,1
cagubnyinyir2,marpaung913,1
rahabganendra,salsaaii,1
cagubnyinyir2,supari_yanto,1
IbnuSholh,Stevaniehuangg,1
Fraksi_Gerindra,Fraksi_Gerindra,1
_thinkplus,detikcom,1
Miduk17,Miduk17,3
gagitubens,na_DiemAjja,1
Faishalakbarrr,txtfrombrand,1
Tetty082376,adekdohyon,1
Faishalakbarrr,halleluhellyeah,1
Jinjit_jinjit,cah__ndeso77,1
Cintada16,MailRahmat,1
ListyoSigitP,Ummu_CantiQ,1
Stevaniehuangg,abdillah79791,1
AhyariIda,CNNIndonesia,1
4Y4NKZ,Kingdarius102,1
Adus_solihin,Stevaniehuangg,1
HajiTileee,detikcom,1
jogermeist,senopati_pm,1
__o000BlockL0c,__o000BlockL0c,2
desa_kaligondo,yahyanwari,1
Anazh4,alfamart,1
MBSasli,txtdrberseragam,1
GoyaJikko,sinagano2,1
GoyaJikko,IndonesiaFaried,1
hutauruk_alex,tvOneNews,1
geloraco,wisnuputro07,1
AbdullohBaihaqy,jogermeist,1
jose_asep,jose_asep,1
jogermeist,keuangannews_id,1
FirdausyMuh,Rizmaya__,1
apathoni,jogermeist,1
detikcom,rytsarkiy_pika,1
ASamroji,ZulkifliLubis69,1
aLy_Bima,omarmoyo963,1
geloraco,marpaung913,1
Ferdysambo1,musniumar,2
SugiKawuloAlit,lelakimusaja,1
KompasTV,KompasTV,1
Elfauzi66689349,geloraco,1
korantempo,korantempo,1
Fiayellowluv18,mikah0702,1
darmantompul,darmantompul,1
gogiism,marinealmira,1
Ferdysambo1,democrazymedia,1
Ferdysambo1,yaniarsim,1
Ferdysambo1,PepenKurniawan,1
Ferdysambo1,kangmalik45,1
irsanardiyan,txtfrombrand,1
Prasetyo9Hh,Roses94735777,1
PanahRaya,Prasetyo9Hh,1
CocotBajol,hellodeka,1
JCoitu,dyta0303,1
Ferdysambo1,tvOneNews,1
ketutdarmika10,ruhutsitompul,1
HWalterjr,democrazymedia,1
PramitaPangestu,bintangemon,1
ch0corigin4l,convomfs,1
Rizmaya__,mucini48,1
VIVAcoid,gusti_prabu2810,1
Mjohnsamosir,tvOneNews,1
HIrvansyah,knpiharis,1
Mjohnsamosir,Rizmaya__,1
CNNIndonesia,GustyFierman,1
Rawit234234,SSudiharjo,1
FWBESS,sevnosans,1
elditweet,tvOneNews,1
SAKHAMICHI,korantempo,1
detikcom,monasammy,1
ngomongapaaja78,tvOneNews,1
Ibnxine,__SudutPandang,1
democrazymedia,donyardi13,1
Abdillahbela,morningwoodist,1
Fusianto,resolusi1000,1
boyke_bond_Jr,detikcom,1
rajaihuta,tvOneNews,1
askDika,mbkelana,1
Fusianto,detikcom,1
Zaindamai,detikcom,1
SamboFerdy,detikcom,2
richard_whn,tvOneNews,1
Alfatih_V,Alfatih_V,2
KEGELAP4N,yaoirouge,1
Trisnan76523395,democrazymedia,1
Mukidioon2,SurvivalBelera1,1
moesa_jp02,moesa_jp02,1
IbnuNasir8,jayapuraupdate,1
Abah_dink,wasssup_ay,1
Msbrow8,dindinrasdi,1
Jonsontonga,Ruslam242,1
agelmeip,slfnzr,1
literasi_k,tvOneNews,1
OnelRamadani,OposisiCerdas,1
Mangachuy,NalarLogic,1
KompasTV,PiusSinurat,1
hipohan,spillproduk,1
Dorraemon_,Ruwahel,1
MadesonWatts,lmonart_,1
OposisiCerdas,SarwediEdi6,1
SonoraFM92,SonoraFM92,1
txtdrberseragam,wibijavachip,1
W217286065,imriatitriyanto,1
SNauvill,zoelfick,1
malakmalakmal,wahabi92013848,1
Ruslam242,rherma2000,1
Fahrihamzah,MahdinJr1,1
malakmalakmal,pancimandemokrt,1
SiapaAk13719019,detikcom,1
KompasTV,jgzepp,1
fullmoonfolks,hutauruk_alex,1
BagusDaboel69,lordoflots,1
Prasetyo9Hh,caul_tanjung,1
hardye76,sudadmono,1
alphonselaporte,dediarifch,1
A9niniBaengdeta,A9niniBaengdeta,1
kemitris,myrazra,1
Rizmaya__,fegarif,1
Wingky21439027,Wingky21439027,1
imotone,voidotid,1
fnf____,indocringe_,1
Ruslam242,ayahValent,1
ACHMADR89870336,Msbrow8,1
SugiKawuloAlit,UyokBack,1
narendraasha_,raflesls,1
ant7_Phoong,ruhutsitompul,1
Askrlfess,wonpealates,1
adhy_gra,voidotid,1
democrazymedia,elditweet,1
Riris_adnanArmy,ceritatehfidy,1
Rizmaya__,SalimHa88650732,1
LalaWiana,Srikandi_sunda,1
KompasTV,MutiaraSendhyR,1
cobeh2021,xifenghoetang,1
anbusiber,inilahdotcom,1
CrushHopeless1,cybsquad_,1
roygromiko,tvOneNews,1
RatuBuay,Yulia_NS79,1
CNNIndonesia,kemitris,1
YovieDjody18,knpiharis,1
IRistopo,detikcom,3
Adrian_HeriF,Adrian_HeriF,1
auraa1996,refalhady,1
hindseee,wahilangotak,1
jaecap7l5,oxhaewon,1
cybsquad_,dedirahimuddin,1
liputan6dotcom,marpaung913,1
marpaung913,mediaindonesia,1
ArdinalRais,ArdinalRais,1
antaranews,marpaung913,1
ainurohman,lovebylibra,1
sebelasribuT,thepatriot2019,1
ahmad_silaa,msaid_didu,1
Rizmaya__,marpaung913,1
harutotify,ssefnum,1
Dennysiregar7,GhufranDjeri,1
SammiSoh,SammiSoh,1
RichardVanGobe1,_ekokuntadhi,1
badrus445544,detikcom,1
Srikandi_sunda,Srikandi_sunda,4
inoceandsy,kdrama_menfess,1
Nugroholobster,OposisiCerdas,2
Trian148,fauziislan,1
alfi_ummuAyyash,msaid_didu,1
ispeispeanjime,naabilabdun,1
kindsunbear,txtdarigajelas,1
hellodeka,mashay____,1
indocringe_,yaelahyann_,1
O_Ojeaavie,convomfs,1
Askrlfess,RakyatKetjil_12,1
RakyatKetjil_12,hourlysappy,1
ZAEffendy,ZAEffendy,1
AnasUbaidilla11,AnasUbaidilla11,1
prastyo_adhika,voidotid,1
MerdekaRakyan,MerdekaRakyan,1
CNNIndonesia,dodol53235469,1
hellodeka,mojokdotco,1
Mi73Hel,tvOneNews,1
ollycta,tanyakanrl,1
ainurohman,anggi_ahmad,1
ainurohman,fendikafirza,1
GhibranAkbar1,keuangannews_id,1
Msbrow8,rgbzrzm,1
Ruslam242,WulungMas,1
GunRomli,aldy_dabuan,1
gberrboy_id,gberrboy_id,3
detikcom,zaharoh3,1
pedragim,tvOneNews,1
SugiKawuloAlit,tvOneNews,1
EdwardTobing18,Prasetyo9Hh,1
IRistopo,txtdrberseragam,1
CNNIndonesia,_van_nistelRoy,1
rauwrus,tanyakanrl,1
RYUQJlN,hawrvto,2
27_dalbo,Kita_Minahasa,1
__SudutPandang,hipohan,1
WARKOPMOVEON,dabenone2,1
29ariko,GunRomli,1
Msbrow8,mwar_007,1
detikcom,dino_qs1,1
Jonbonjoni2,elleanor12,1
ainurohman,vixhd,1
Bakariady,voidotid,1
bintngkelap,tanyakanrl,1
UNSfess_,flooxzx,1
HILARlO,collegemenfess,1
banjarbase,msruni_,1
Asheyyylme_,samyangkejuuuu,1
DivHumas_Polri,Firman_Syah_Kun,1
cak_an6,uzair150378,1
216juta,mulccibear,1
Jokotengger,Stevi0812,1
SugiKawuloAlit,idntimes,1
jejeafganp,txtdrberseragam,1
hutauruk_alex,txtdrberseragam,1
OposisiCerdas,dino_qs1,1
DartieDartie1,ferry_kdg,1
Anazh4,CNNIndonesia,1
OposisiCerdas,siliaadi,1
MontBlanc3l3l,Sangkuriang5551,10
ShamsiAli2,dino_qs1,1
SugiKawuloAlit,detikcom,2
Muhidiin20,Ruslam242,1
AnakLokal_24,knpiharis,1
AngKarakNarako,damnoise,1
Ameliadhenok,MontBlanc3l3l,1
29ariko,_ekokuntadhi,1
BERKARYA_NET,BERKARYA_NET,1
faridharsono,txtdrberseragam,1
aangismail,cedricbuldan,1
muhandremahadie,muhandremahadie,1
AngKarakNarako,jsscaprmrth,1
OposisiCerdas,pakguruhonorer,1
dragonb21395797,dragonb21395797,15
theIawless,txtdrberseragam,1
Prasetyo9Hh,qalsrama,1
6undul0h,ahmad_silaa,1
djumelan,kumparanplus,1
jembermfs,letia_mutiarani,1
ZamanTiga,geloraco,1
DwiLest15844745,lateststory4,1
_19handes,iputu_ananda,3
AlfaWijayanto,SarahRa64027945,1
newestindo,newestindo,1
ldr_aaa,terkesimaaa,1
sirajapadoha,sirajapadoha,1
Antonius061,Bsuworo,1
Iki_JazzCafe,Tuti_embeeeeer,1
NataliusPigai2,ahmad_silaa,1
CNNIndonesia,btwbdg,1
KaredokLeunca__,Rockgar12,1
Yahyapwt,collegemenfess,1
LutfiAdrian213,amirsyahoke,1
KompasTV,qies_porentay,1
btwbdg,detikcom,1
alextham878,alleshutapea,1
OposisiCerdas,rusdiantobr,1
MohamadChori,MohamadChori,4
SastrawanBukan1,tempodotco,1
firdausfasya1,z4r4n,1
Klik_MediaNet,kr1t1kp3d45_pro,1
DivHumas_Polri,erickemal,1
AgungSu76387898,Prasetyo9Hh,1
BryokAceh,hipohan,1
Prasetyo9Hh,keuangannews_id,1
borataetaehyung,tkoozz,1
persada_ub,persada_ub,2
eldlich69,fahleviii73,1
CutSarina5,mutajir_mohamat,1
Syawalu39205702,z4r4n,1
Tan_Mar3M,Yurissa_Samosir,1
IiiZahrah,IiiZahrah,2
Nurri20173543,geloraco,1
IRistopo,geloraco,1
Mjohnsamosir,alextham878,1
BungaDesakuRose,cybsquad_,1
hipohan,riani_tanjung24,1
janggan_EC,voidotid,1
ken_aryadharma,txtanakbioskop,1
conan_idn,erfinsyafrizal3,1
ganafmargi,satriadjenar,4
DivHumas_Polri,agis_official,1
detikcom,marpaung913,1
bagjoz,vidialdiano,1
cak_ipho,cobeh2021,1
DDaewokas,yashadipura,1
GhibranAkbar1,knpiharis,1
MahdinJr1,SHidayatt13,1
RasyidBarabai,selenayy___,1
OposisiCerdas,ant7_Phoong,1
polisipatung,polisipatung,1
FerdinandHutah4,Penjejakbumi01,1
DrsRayendra,Purwaraka1,1
republikaonline,thepatriot2019,1
DefUncle,DivHumas_Polri,1
KompasTV,Syahrul99073379,1
JemmyYoseph,keuangannews_id,1
marpaung913,marpaung913,1
CecepLagi,Miss_warawiri,1
DwiYatmo14,JafYaya2150,1
JemmyYoseph,ainurohman,1
CNNIndonesia,SamboFerdy,1
SamboFerdy,cybsquad_,2
Doni13587681,SamboFerdy,1
GhibranAkbar1,Subur0204,1
DivHumas_Polri,bangajee,1
Ferdysambo1,abu_waras,1
n0vemberman2,n0vemberman2,1
DivHumas_Polri,galihckanigoro,1
Gulz94410068,alicha912,1
azkafii,bgsnhdi,1
IkikYps,MKZxRoel,1
IsyriaFadilahh,RiskiSitiFatim1,1
bedesauhatisaya,esgrim_aice,1
HasbadjaRashid,tvOneNews,1
DivHumas_Polri,MSyaifu05679244,1
AREAJULID,kamja_giya,1
bocahpagi,rlgxg,1
DivHumas_Polri,MsFirdaus5,1
SamboFerdy,mohmahfudmd,1
den_fatahh,voidotid,1
rismawy,tvindonesiawkwk,1
husin12_tweet,okezonenews,1
galangmi,obyrosadi_,1
7676Die,Dennysiregar7,1
KompasTV,Pasrantobolo,1
Pasrantobolo,alvinlie21,1
AbdulRa83376539,OposisiCerdas,1
Badboy06864860,KompasTV,1
DivHumas_Polri,diponegros,1
ak03l,tvOneNews,1
SamboFerdy,restyca_yah,1
Opiet_H,z4r4n,1
HasbadjaRashid,abu_waras,1
OposisiCerdas,sby_tri,1
KompasTV,Nurhasanputra1,1
amelRF,pusingyorobun,1
BlokirNET,BlokirNET,2
pxndv14th,twaaap_,1
sebatsampoerna,taniagrahanitaa,1
Anna81691219,Dennysiregar7,1
BglZigen,MediaKomando,1
DivHumas_Polri,walpurg1snight,1
asaajaaaa,aulmaulidiana,1
KompasTV,pembela230,1
ArabBara2,ade_item88,1
Ruslam242,geloraco,1
ilyujjk,snihyamitvayi,1
NOTASLIMBOY,dodol53235469,1
SoebektiSoehar8,SoebektiSoehar8,1
idextratime,pendukungcelsi,1
Abiburu,geloraco,1
ListyoSigitP,NanoNan05594640,1
rlgxg,user01010100011,1
SlebewTweet,ffarliani,1
Affan79992133,marpaung913,1
AnasArifyn,KompasTV,1
bejonovski,kr1t1kp3d45_pro,1
MaiL2SinggiiT,Mei2Namaku,1
KawasanMadridi1,idextratime,1
AndryFadhil,Farelfausta12,2
PamanBlacks,clairvoyant_cl,1
aulmaulidiana,xyambar,1
Busuk18,tvOneNews,1
ChusnulCh__,mrobama99,1
KompasTV,alleshutapea,1
DivHumas_Polri,_ins_ane_,1
MontanaMichel,blackcrow0717,1
Miduk17,anisagustina2,1
PenikmatHibura2,nchlstndrew,1
harypanji_p,yuen23077513,1
Rawit234234,mangunsong63,1
AnasisFeri,Ganti2Nama,1
Nissakti,Nissakti,2
AyahSyafar,hipohan,1
HjAiSuryani1,geloraco,1
ainurohman,makanansehati,1
AllForO92306218,zarazettirazr,1
Herwinwijaya13,jerangkah,1
acaicaxzon,tanyakanrl,1
MUHAJIR28323130,tvOneNews,1
ErwinSh30857524,ruhutsitompul,1
Beritasatu,HbHendro,1
OposisiCerdas,sala_richard,1
kaninaacg,kentangmbaon,1
Ariefmantoi,DivHumas_Polri,1
SammiSoh,marpaung913,1
Askrlfess,_tauriii,1
achmaddd____,userfelicee,1
JEMBUTBERSUMPAH,mureza522,1
Syarman59,marpaung913,1
Usuludin321,dabenone2,1
KPK_RI,sayids,1
vedricopane,vedricopane,1
abu_waras,dzulkifli_dzavu,1
abu_waras,oposisiAJEdeh,1
HotelBrongto,marpaung913,1
MuhTaufikRahmat,bacautas,1
AAldhiaz,CNNIndonesia,1
chubbynanaa,noonadoongies,1
akok_soetrisno,kr1t1kp3d45_pro,1
DanteSpeak_USA_,DanteSpeak_USA_,1
Purwant85425031,tvOneNews,1
DivHumas_Polri,Sapriad19222413,1
democrazymedia,firmanashad08,1
Drxebec,JcoIndonesia,1
failedword,habri_fahmi,1
DeepestMyHeart,ptp_dandhy,1
dezinfectant,jigrek,2
Dandhy_Laksono,zuhrilamin,1
IiiZahrah,restyca_yah,1
garisbesarsunda,tvOneNews,2
IiiZahrah,KompasTV,1
KompasTV,garisbesarsunda,4
Cryptox666,cokro_tv,1
ASamroji,SSudiharjo,1
happiyer_,happiyer_,1
MSyaifu05679244,knpiharis,1
SumediTanjung,tvOneNews,1
MSyaifu05679244,bachrum_achmadi,1
DivHumas_Polri,MalutSua,1
WakUban15,cobeh2021,1
ListyoSigitP,MazhuriB,1
Andika74522181,Dennysiregar7,1
DivHumas_Polri,echoPiR,1
devaryokal,radenrauf,1
AREAJULID,nmrdlraa,1
KompasTV,fauziislan,1
ZulkifliLubis69,arreneuz_s,1
CNNIndonesia,wiliwililoveyu,1
KompasTV,KrisalviJosanta,1
DivHumas_Polri,bambang42652819,1
ice77565040,joelian_stc175,1
BenLoew21,DivHumas_Polri,1
ASamroji,ASamroji,1
jefsiboro,jefsiboro,1
siticeriaselalu,siticeriaselalu,1
SoniUwong,cybsquad_,1
OposisiCerdas,muchsin9,1
Dimasjoko12,Miduk17,1
Wahyufranky1,iibun_,1
TargetSuspend_,WalidiPrawira,1
KompasTV,nitha_bj,1
angilblackrose,msaid_didu,1
BERKARYA_NET,Dawgs000,1
AqseJuga,djumelan,1
Cak_M4t,mfatahilahakbar,1
Doi_3M,Doi_3M,1
AkbarWasito,reckysyah,1
akundewa77,akundewa77,1
Ghurem2,imsitumeang,1
agusardina,harry_gde,1
TitipanIllahi44,TitipanIllahi44,1
Ithonky1,VIVAcoid,1
CNNIndonesia,Sudimawan1,1
_selebtwiter,saifulh33219358,1
Jarwo99661180,NogoSosroAsli,1
CNNIndonesia,CaplinRevolusi,2
kartarahardja,ntwidodo,1
PanciB0zz,Pejuangkarya11,1
Pejuangkarya11,ainurohman,1
TPontohj,iriawan84,1
poskotaofficial,poskotaofficial,2
Ameliadhenok,Ronycawang,1
AqseJuga,Ariefmantoi,1
yseenzz,zayanaams,1
Mjohnsamosir,NyaiiBubu,1
Semar17134178,tvOneNews,1
AloysiusAS,AloysiusAS,1
Neng_Anyar,is_pelssy,1
Askrlfess,garisbesarsunda,1
CRS_9,ObiWan_Catnobi,1
KompasTV,Milia_robort,1
ArifudinNur71,MrsRachelIn,1
garisbesarsunda,txtdrberseragam,1
FalsSuara,OposisiCerdas,1
Rakeyansunda,gibran_tweet,1
adekmht,sucidestya6,1
VIVAcoid,dablor24,1
jumianto_RK,ocongBoyy,1
aduduhaii,aduduhaii,1
AgamKupie,AlionelMessi_,1
Kacaback678910,dzulkifli_dzavu,1
AgamKupie,H1m4_W4r1,1
AgamKupie,Miduk17,1
FrediHadikusuma,erickthohir,1
momsKejoraSoon,sekterahimanget,1
Herwinwijaya13,realmadridindo1,1
M45Broo_,Rawit234234,1
Mdy_Asmara1701,Semar17134178,1
Rawit234234,tijabar,1
brammuara82,caul_tanjung,1
bacautas,beautydyah,1
Nurfatm47285223,fariedza,1
detikcom,selenayy___,1
SUNDA_FESS,tijashn,1
CNNIndonesia,NasibulU,1
edi_muchlis,geloraco,1
Ardiiansh,mirzakadir7,1
Theking3231Juan,Theking3231Juan,2
Andrean43982093,geloraco,1
Budi_2232,ide2nesia,1
AAldhiaz,detikcom,1
Mdy_Asmara1701,dzulkifli_dzavu,1
DwiYatmo14,Mose91831634,1
